#FusionName	JunctionReadCount	SpanningFragCount	est_J	est_S	SpliceType	LeftGene	LeftBreakpoint	RightGene	RightBreakpoint	LargeAnchorSupport	FFPM	LeftBreakDinuc	LeftBreakEntropy	RightBreakDinuc	RightBreakEntropy	annots	CDS_LEFT_ID	CDS_LEFT_RANGE	CDS_RIGHT_ID	CDS_RIGHT_RANGE	PROT_FUSION_TYPE	FUSION_MODEL	FUSION_CDS	FUSION_TRANSL	PFAM_LEFT	PFAM_RIGHT
LEPROT--LEPR	271	110	271.00	110.00	ONLY_REF_SPLICE	LEPROT^ENSG00000213625.9	chr1:65425378:+	LEPR^ENSG00000116678.20	chr1:65565546:+	YES_LDAS	5.5155	GT	1.8256	AG	1.9219	["GTEx_recurrent_StarF2019","ChimerSeq","INTRACHROMOSOMAL[chr1:0.09Mb]","NEIGHBORS[89682]"]	.	.	.	.	.	.	.	.	.	.
AL391840.3--SH3BGRL2	120	69	120.00	69.00	INCL_NON_REF_SPLICE	AL391840.3^ENSG00000287811.1	chr6:79538843:+	SH3BGRL2^ENSG00000198478.8	chr6:79673614:+	YES_LDAS	2.7361	GT	1.9086	AG	1.4716	["INTRACHROMOSOMAL[chr6:0.09Mb]","NEIGHBORS[91353]"]	.	.	.	.	.	.	.	.	.	.
LINC01151--SMILR	113	75	113.00	75.00	ONLY_REF_SPLICE	LINC01151^ENSG00000253819.2	chr8:122670360:-	SMILR^ENSG00000255364.1	chr8:122417022:-	YES_LDAS	2.7215	GT	1.7819	AG	1.9329	["GTEx_recurrent_StarF2019","INTRACHROMOSOMAL[chr8:0.06Mb]","NEIGHBORS[56643]"]	.	.	.	.	.	.	.	.	.	.
KANSL1--ARL17A	68	27	34.00	13.50	ONLY_REF_SPLICE	KANSL1^ENSG00000120071.15	chr17:46094560:-	ARL17A^ENSG00000185829.18	chr17:46570869:-	YES_LDAS	0.6876	GT	1.8892	AG	1.7056	["GTEx_recurrent_StarF2019","Babiceanu_Normal","ChimerSeq","INTRACHROMOSOMAL[chr17:0.29Mb]"]	ENST00000575318.6	1-1431	ENST00000336125.6	149-534	FRAMESHIFT	chr17|-|[2]46094560-46094701[2]|[1]46170855-46172143[0]<==>chr17|-|[2]46557356-46557630[1]|[0]46570759-46570869[1]	atggctgcgatggcgcccgctctcactgacgcagcagctgaagcacaccatatccggttcaaactggctcccccatcctctaccttgtcccctggcagtgccgaaaataacggcaacgccaacatccttattgctgccaacggaaccaaaagaaaagccattgctgcagaggatcccagcctagatttccgaaataatcctaccaaggaagacttgggaaagctgcaaccactggtggcatcttatctctgctctgatgtaacatctgttccctcaaaggagtctttgaagttgcaaggggtcttcagcaagcagacagtccttaaatctcatcctctcttatctcagtcctatgaactccgagctgagctgttggggagacagccagttttggagttttccttagaaaatcttagaaccatgaatacgagtggtcagacagctctgccacaagcacctgtaaatgggttggctaagaaattgactaaaagttcaacacattctgatcatgacaattccacttccctcaatgggggaaaacgggctctcacttcatctgctcttcatgggggtgaaatgggaggatctgaatctggggacttgaaggggggtatgaccaattgcactcttccacatagaagccttgatgtagaacacacaactttgtatagcaataatagcactgcaaacaaatcctctgtcaattccatggaacagccggcacttcaaggaagcagtagattatcacctggtacagactccagctctaacttggggggtgtcaaattggagggtaaaaagtctcccctgtcttccattcttttcagtgctttagattctgacacaaggataacagctttactgcggcgacaggctgacattgagagccgtgcccgcagattacaaaagcgcttacaggttgtgcaagccaagcaggttgagaggcatatacaacatcagctgggtggatttttggagaagactttgagcaaactgccaaacttggaatccttgagaccacggagccagttgatgctgactcgaaaggctgaagctgccttgagaaaagctgccagtgagaccaccacttcagagggacttagcaactttctgaaaagcaattcaatttcagaagaattggagagatttacagctagtggcatagccaacttgaggtgcagtgaacaggcatttgattcagatgtcactgacagtagttcaggaggggagtctgatattgaagaggaagaactgaccagagctgatcccgagcagcgtcatgtacccctgagacgcaggtcagaatggaaatgggctgcagaccgggcagctattgtcagccgctggaactggcttcaggctcatgtttctgacttggaatatcgaattcgtcagcaaacagacatttacaaacagatacgtgctaataagGTTTCTGTGTGGAGACAGTAGAATATAAAAATAACACCTTCGCTGTCTGGGATGTTGGCAGCCACTTCAAAATCAGACCTCTGTGGCAGCATTTTTTCCAGAACACAAAAGGTGCCAGAAGCCCAGGAAGCACACATCAAGGCTCACTTGCCAGCGGGGTGCTGCCAATAAAATGTAGTCACGTGGAATTTGGAATGTGGAAAGGAGGTAGAAGTCATCCTTTCCTCCCCCATAGCAGCAGGTGTGCAGGCTCTGGTGGTCAGCTGGACTCCATACTCCCCCACCAGTCACCAGCCTGGGGACCGTGGGGCTGCAAGGACCTCAGCAGCGGTTTCCCAAGTTTCCTGACTTCTTCCATCCTCTGGAAATCAGCTGTGGTAAAGTAG	MAAMAPALTDAAAEAHHIRFKLAPPSSTLSPGSAENNGNANILIAANGTKRKAIAAEDPSLDFRNNPTKEDLGKLQPLVASYLCSDVTSVPSKESLKLQGVFSKQTVLKSHPLLSQSYELRAELLGRQPVLEFSLENLRTMNTSGQTALPQAPVNGLAKKLTKSSTHSDHDNSTSLNGGKRALTSSALHGGEMGGSESGDLKGGMTNCTLPHRSLDVEHTTLYSNNSTANKSSVNSMEQPALQGSSRLSPGTDSSSNLGGVKLEGKKSPLSSILFSALDSDTRITALLRRQADIESRARRLQKRLQVVQAKQVERHIQHQLGGFLEKTLSKLPNLESLRPRSQLMLTRKAEAALRKAASETTTSEGLSNFLKSNSISEELERFTASGIANLRCSEQAFDSDVTDSSSGGESDIEEEELTRADPEQRHVPLRRRSEWKWAADRAAIVSRWNWLQAHVSDLEYRIRQQTDIYKQIRANKVSVWRQ*NIKITPSLSGMLAATSKSDLCGSIFSRTQKVPEAQEAHIKAHLPAGCCQ*NVVTWNLECGKEVEVILSSPIAAGVQALVVSWTPYSPTSHQPGDRGAARTSAAVSQVS*LLPSSGNQLW*S	MitMem_reg|283-379|6.4e-05^PEHE|411-442|0.72^MitMem_reg|722-750|0.3^PEHE|764-777|1.6^PEHE|821-968|7.8e-44	ARL17-PARTIAL|~149-176|4.6e-48
AC138393.1--SEPTIN14	49	17	30.61	9.59	ONLY_REF_SPLICE	AC138393.1^ENSG00000229930.1	chr1:224030704:-	SEPTIN14^ENSG00000154997.9	chr7:55796092:-	YES_LDAS	0.5819	GT	1.7819	AG	1.9899	["INTERCHROMOSOMAL[chr1--chr7]"]	.	.	.	.	.	.	.	.	.	.
ARL17B--KANSL1	48	16	47.71	15.90	ONLY_REF_SPLICE	ARL17B^ENSG00000228696.10	chr17:46352820:-	KANSL1^ENSG00000120071.15	chr17:46094701:-	YES_LDAS	0.9209	GT	1.6402	AG	1.7819	["ChimerSeq","INTRACHROMOSOMAL[chr17:0.05Mb]","NEIGHBORS[49395]"]	ENST00000450673.4	1-259	ENST00000262419.10	1290-3318	FRAMESHIFT	chr17|-|[0]46352820-46352930[1]|[0]46358250-46358397[0]<==>chr17|-|[2]46031476-46031703[0]|[2]46032047-46032299[2]|[1]46033080-46033192[0]|[2]46033403-46033460[2]|[1]46034161-46034285[0]|[2]46038538-46038686[1]|[0]46039027-46039215[1]|[0]46039702-46039884[1]|[0]46050533-46050704[0]|[2]46066537-46066732[2]|[1]46067549-46067667[0]|[2]46082441-46082542[0]|[2]46094560-46094701[2]	atgggaaacatttttgaaaagctctttaaaagtctacttgggaaaaaaaagatgcggattcttatattgagtttggatacagctggaaaaaccaccatcttgtataaattgaagctgggggagactgtgcctgccgtccctacagtaggtttctgtgtggagacagtagaatataaaaataacaccttcgctgtctgggatgttggcagccacttcaaaatcagacctctgtggcagcattttttccagaacacaaaagGAGACGCAGGTCAGAATGGAAATGGGCTGCAGACCGGGCAGCTATTGTCAGCCGCTGGAACTGGCTTCAGGCTCATGTTTCTGACTTGGAATATCGAATTCGTCAGCAAACAGACATTTACAAACAGATACGTGCTAATAAGGGGTTGATAGTTCTTGGGGAGGTACCTCCCCCAGAGCATACAACAGACTTATTTCTTCCACTTAGTTCTGAGGTGAAGACAGATCATGGGACTGATAAATTGATTGAGTCTGTTTCTCAGCCATTGGAAAACCATGGTGCCCCTATTATTGGTCATATTTCAGAGTCACTGTCTACCAAATCATGTGGAGCACTCAGACCTGTCAATGGAGTTATTAACACTCTTCAGCCTGTCTTGGCAGACCACATTCCAGGTGACAGCTCTGATGCTGAGGAACAATTACATAAGAAGCAACGACTGAATCTCGTCTCTTCATCATCTGATGGCACCTGTGTGGCAGCCCGGACACGTCCTGTACTGAGCTGTAAGAAGCGGAGGCTTGTTCGACCCAACAGCATCGTTCCTCTTTCCAAGAAGGTTCACCGGAACAGCACAATCCGCCCTGGCTGTGATGTGAATCCCTCCTGCGCACTGTGTGGTTCAGGCAGCATCAACACCATGCCTCCCGAAATTCACTATGAAGCCCCTCTGTTGGAACGTCTTTCCCAGTTGGACTCTTGTGTTCATCCTGTTCTAGCATTTCCAGATGATGTTCCCACAAGCCTGCATTTCCAGAGCATGCTGAAATCTCAGTGGCAGAACAAGCCTTTTGACAAAATCAAACCTCCCAAAAAGTTATCGCTTAAGCACAGAGCACCCATGCCGGGCAGTCTGCCAGATTCAGCTCGTAAGGACAGGCACAAATTGGTCAGCTCCTTCCTAACAACAGCCAAGCTGTCCCATCACCAAACCCGGCCTGACAGGACCCACAGGCAGCACTTAGACGATGTGGGGGCCGTGCCCATGGTGGAGCGAGTGACAGCGCCAAAAGCAGAGCGCTTGCTCAACCCACCACCACCCGTGCATGACCCAAACCACAGCAAAATGAGATTGCGAGACCATTCATCTGAGAGAAGTGAAGTGTTGAAGCATCACACAGACATGAGCAGTTCGAGCTACTTGGCAGCCACCCACCATCCTCCACACAGTCCCTTGGTGCGACAGCTCTCCACCTCCTCAGATTCCCCTGCACCCGCCAGCTCTAGCTCACAGGTTACAGCCAGCACATCGCAGCAGCCAGTAAGGAGGAGAAGGGGAGAGAGCTCATTTGATATTAACAACATTGTCATCCCAATGTCTGTTGCTGCAACAACTCGCGTAGAGAAACTGCAATACAAGGAAATCCTTACGCCCAGCTGGCGGGAGGTTGATCTTCAGTCTCTGAAGGGGAGTCCTGATGAGGAGAATGAAGAGATTGAGGACCTATCCGACGCAGCCTTCGCCGCCCTGCATGCCAAATGTGAGGAGATGGAGAGGGCACGGTGGCTGTGGACCACGAGTGTGCCACCCCAGCGGCGGGGCAGCAGGTCCTACAGGTCATCAGACGGCCGGACAACCCCCCAGCTGGGCAGTGCCAACCCCTCCACCCCCCAGCCTGCCTCCCCTGATGTCAGCAGTAGCCACTCTTTGTCAGAATACTCCCATGGTCAGTCCCCTAGGAGCCCCATTAGCCCGGAACTGCACTCAGCACCCCTCACCCCTGTGGCTCGGGACACTCCGCGACACTTAGCCAGTGAGGATACCCGTTGTTCCACACCAGAGCTGGGGCTGGATGAACAGTCTGTCCAGCCCTGGGAGCGGCGGACCTTCCCCCTGGCGCACAGTCCCCAGGCGGAGTGTGAGGACCAGCTGGATGCACAGGAGCGAGCAGCCCGCTGCACTCGACGCACCTCAGGCAGCAAGACTGGCCGGGAGACAGAGGCAGCGCCCACCTCGCCTCCCATTGTCCCCCTCAAGAGTCGGCATCTGGTGGCAGCAGCCACAGCTCAGCGCCCGACTCACAGATGA	MGNIFEKLFKSLLGKKKMRILILSLDTAGKTTILYKLKLGETVPAVPTVGFCVETVEYKNNTFAVWDVGSHFKIRPLWQHFFQNTKGDAGQNGNGLQTGQLLSAAGTGFRLMFLTWNIEFVSKQTFTNRYVLIRG**FLGRYLPQSIQQTYFFHLVLR*RQIMGLIN*LSLFLSHWKTMVPLLLVIFQSHCLPNHVEHSDLSMELLTLFSLSWQTTFQVTALMLRNNYIRSND*ISSLHHLMAPVWQPGHVLY*AVRSGGLFDPTASFLFPRRFTGTAQSALAVM*IPPAHCVVQAASTPCLPKFTMKPLCWNVFPSWTLVFILF*HFQMMFPQACISRAC*NLSGRTSLLTKSNLPKSYRLSTEHPCRAVCQIQLVRTGTNWSAPS*QQPSCPITKPGLTGPTGST*TMWGPCPWWSE*QRQKQSACSTHHHPCMTQTTAK*DCETIHLREVKC*SITQT*AVRATWQPPTILHTVPWCDSSPPPQIPLHPPALAHRLQPAHRSSQ*GGEGERAHLILTTLSSQCLLLQQLA*RNCNTRKSLRPAGGRLIFSL*RGVLMRRMKRLRTYPTQPSPPCMPNVRRWRGHGGCGPRVCHPSGGAAGPTGHQTAGQPPSWAVPTPPPPSLPPLMSAVATLCQNTPMVSPLGAPLARNCTQHPSPLWLGTLRDT*PVRIPVVPHQSWGWMNSLSSPGSGGPSPWRTVPRRSVRTSWMHRSEQPAALDAPQAARLAGRQRQRPPRLPLSPSRVGIWWQQPQLSARLTD	Arf|6-87|2.7e-33^G-alpha|15-39|0.00017^SRPRB|16-76|2.9e-06^Roc|20-86|2e-06^G-alpha|46-86|5.3e-05^ARL17|115-176|4.6e-48	.
AC090409.2--AC090409.1	46	33	46.00	33.00	ONLY_REF_SPLICE	AC090409.2^ENSG00000267316.5	chr18:61577028:-	AC090409.1^ENSG00000267279.2	chr18:61592623:-	YES_LDAS	1.1436	GT	1.7465	AG	1.5058	["INTRACHROMOSOMAL[chr18:0.01Mb]","LOCAL_REARRANGEMENT:-:[6290]"]	.	.	.	.	.	.	.	.	.	.
LRRC8B--LRRC8C	31	18	31.00	18.00	ONLY_REF_SPLICE	LRRC8B^ENSG00000197147.15	chr1:89584789:+	LRRC8C^ENSG00000171488.15	chr1:89686470:+	YES_LDAS	0.7094	GT	1.7968	AG	1.9329	["DGD_PARALOGS","GTEx_recurrent_StarF2019","Babiceanu_Normal","INTRACHROMOSOMAL[chr1:0.04Mb]","NEIGHBORS[35211]"]	.	.	.	.	.	.	.	.	.	.
AC135983.3--AC135983.2	31	24	21.00	16.06	INCL_NON_REF_SPLICE	AC135983.3^ENSG00000254912.2	chr15:32494018:-	AC135983.2^ENSG00000223509.8	chr15:32533368:-	YES_LDAS	0.5365	GT	1.5329	AG	1.9656	["INTRACHROMOSOMAL[chr15:0.02Mb]","LOCAL_REARRANGEMENT:-:[19502]"]	.	.	.	.	.	.	.	.	.	.
LINC02284--TMEM260	22	25	22.00	18.62	ONLY_REF_SPLICE	LINC02284^ENSG00000259719.6	chr14:56345070:+	TMEM260^ENSG00000070269.14	chr14:56491333:+	YES_LDAS	0.588	GT	1.8062	AG	1.8256	["INTRACHROMOSOMAL[chr14:0.06Mb]","NEIGHBORS[61322]"]	.	.	.	.	.	.	.	.	.	.
Z68871.1--LINC00630	21	13	21.00	13.00	INCL_NON_REF_SPLICE	Z68871.1^ENSG00000239407.5	chrX:102905737:+	LINC00630^ENSG00000223546.7	chrX:102839801:+	YES_LDAS	0.4922	GT	1.7465	AG	1.5058	["TCGA_StarF2019","INTRACHROMOSOMAL[chrX:0.00Mb]","NEIGHBORS_OVERLAP:+:+:[992]"]	.	.	.	.	.	.	.	.	.	.
AC008740.1--CRYM-AS1	19	3	18.73	1.21	INCL_NON_REF_SPLICE	AC008740.1^ENSG00000257403.2	chr16:21352138:+	CRYM-AS1^ENSG00000189149.12	chr16:21338921:+	YES_LDAS	0.2886	GT	1.7232	AG	1.9656	["INTRACHROMOSOMAL[chr16:0.01Mb]","LOCAL_REARRANGEMENT:+:[8102]"]	.	.	.	.	.	.	.	.	.	.
KHDRBS2-OT1--KHDRBS2	18	8	18.00	7.20	ONLY_REF_SPLICE	KHDRBS2-OT1^ENSG00000250686.2	chr6:61652255:-	KHDRBS2^ENSG00000112232.10	chr6:61732764:-	YES_LDAS	0.3648	GT	1.7465	AG	1.7819	["INTRACHROMOSOMAL[chr6:0.00Mb]","NEIGHBORS_OVERLAP:-:-:[1088]"]	.	.	.	.	.	.	.	.	.	.
NRIP1--LINC02246	18	16	18.00	9.99	ONLY_REF_SPLICE	NRIP1^ENSG00000180530.11	chr21:15014344:-	LINC02246^ENSG00000281903.2	chr21:14857708:-	YES_LDAS	0.4052	GT	1.8892	AG	1.5546	["GTEx_recurrent_StarF2019","INTRACHROMOSOMAL[chr21:0.04Mb]","NEIGHBORS[42683]"]	.	.	.	.	.	.	.	.	.	.
NRIP1--LINC02246	17	8	17.00	2.34	ONLY_REF_SPLICE	NRIP1^ENSG00000180530.11	chr21:15064745:-	LINC02246^ENSG00000281903.2	chr21:14857708:-	YES_LDAS	0.28	GT	1.2729	AG	1.5546	["GTEx_recurrent_StarF2019","INTRACHROMOSOMAL[chr21:0.04Mb]","NEIGHBORS[42683]"]	.	.	.	.	.	.	.	.	.	.
AC008740.1--CRYM-AS1	16	15	13.96	12.59	ONLY_REF_SPLICE	AC008740.1^ENSG00000257403.2	chr16:21352138:+	CRYM-AS1^ENSG00000189149.12	chr16:21315884:+	YES_LDAS	0.3844	GT	1.7232	AG	1.8892	["INTRACHROMOSOMAL[chr16:0.01Mb]","LOCAL_REARRANGEMENT:+:[8102]"]	.	.	.	.	.	.	.	.	.	.
FSIP2-AS1--AC097500.1	13	2	13.00	2.00	INCL_NON_REF_SPLICE	FSIP2-AS1^ENSG00000231646.6	chr2:185800080:-	AC097500.1^ENSG00000287129.1	chr2:185952902:-	YES_LDAS	0.2172	GT	1.9329	AG	1.7465	["INTRACHROMOSOMAL[chr2:0.15Mb]"]	.	.	.	.	.	.	.	.	.	.
AC004053.1--CXXC4	12	0	12.00	0.00	INCL_NON_REF_SPLICE	AC004053.1^ENSG00000248242.1	chr4:104653827:-	CXXC4^ENSG00000168772.11	chr4:104472366:-	YES_LDAS	0.1737	GT	1.7465	AG	1.8892	["INTRACHROMOSOMAL[chr4:0.16Mb]"]	.	.	.	.	.	.	.	.	.	.
AC068756.1--AC108690.1	12	10	12.00	10.00	INCL_NON_REF_SPLICE	AC068756.1^ENSG00000242828.1	chr3:80761438:-	AC108690.1^ENSG00000286329.1	chr3:80633971:-	YES_LDAS	0.3185	GT	1.3710	AG	1.8892	["INTRACHROMOSOMAL[chr3:0.08Mb]","NEIGHBORS[83144]"]	.	.	.	.	.	.	.	.	.	.
NRIP1--LINC02246	11	10	11.00	2.16	ONLY_REF_SPLICE	NRIP1^ENSG00000180530.11	chr21:15043495:-	LINC02246^ENSG00000281903.2	chr21:14857708:-	YES_LDAS	0.1905	GT	1.4566	AG	1.5546	["GTEx_recurrent_StarF2019","INTRACHROMOSOMAL[chr21:0.04Mb]","NEIGHBORS[42683]"]	.	.	.	.	.	.	.	.	.	.
TTC33--PRKAA1	10	7	10.00	2.12	ONLY_REF_SPLICE	TTC33^ENSG00000113638.14	chr5:40746798:-	PRKAA1^ENSG00000132356.11	chr5:40771863:-	YES_LDAS	0.1755	GT	1.6402	AG	1.6402	["DEEPEST2019","INTRACHROMOSOMAL[chr5:0.00Mb]","LOCAL_REARRANGEMENT:-:[3416]"]	ENST00000337702.5	1-221	ENST00000397128.6	364-1680	FRAMESHIFT	chr5|-|[1]40746798-40747018[0]<==>chr5|-|[2]40762778-40763022[1]|[0]40764514-40764640[0]|[2]40764752-40765238[2]|[1]40767466-40767690[2]|[1]40769416-40769503[1]|[0]40771719-40771863[0]	atggcttcctttgggtggaagaggaaaattggtgagaaggtctcaaaggtcacttcccagcagtttgaagctgaagctgctgatgagaaggatgtagttgacaacgatgaagggaactggcttcatgccattaaacgtaggaaagaaattcttcttgaaggctgtgctgagaaaagtaaacagctgaaggatgaaggagccagtttggctgaaaataaaagCTGGATGAAAAAGAAAGTCGGCGTCTGTTCCAACAGATCCTTTCTGGTGTGGATTATTGTCACAGGCATATGGTGGTCCATAGAGATTTGAAACCTGAAAATGTCCTGCTTGATGCACACATGAATGCAAAGATAGCTGATTTTGGTCTTTCAAACATGATGTCAGATGGTGAATTTTTAAGAACAAGTTGTGGCTCACCCAACTATGCTGCACCAGAAGTAATTTCAGGAAGATTGTATGCAGGCCCAGAGGTAGATATATGGAGCAGTGGGGTTATTCTCTATGCTTTATTATGTGGAACCCTTCCATTTGATGATGACCATGTGCCAACTCTTTTTAAGAAGATATGTGATGGGATCTTCTATACCCCTCAATATTTAAATCCTTCTGTGATTAGCCTTTTGAAACATATGCTGCAGGTGGATCCCATGAAGAGGGCCACAATCAAAGATATCAGGGAACATGAATGGTTTAAACAGGACCTTCCAAAATATCTCTTTCCTGAGGATCCATCATATAGTTCAACCATGATTGATGATGAAGCCTTAAAAGAAGTATGTGAAAAGTTTGAGTGCTCAGAAGAGGAAGTTCTCAGCTGTCTTTACAACAGAAATCACCAGGATCCTTTGGCAGTTGCCTACCATCTCATAATAGATAACAGGAGAATAATGAATGAAGCCAAAGATTTCTATTTGGCGACAAGCCCACCTGATTCTTTTCTTGATGATCATCACCTGACTCGGCCCCATCCTGAAAGAGTACCATTCTTGGTTGCTGAAACACCAAGGGCACGCCATACCCTTGATGAATTAAATCCACAGAAATCCAAACACCAAGGTGTAAGGAAAGCAAAATGGCATTTAGGAATTAGAAGTCAAAGTCGACCAAATGATATTATGGCAGAAGTATGTAGAGCAATCAAACAATTGGATTATGAATGGAAGGTTGTAAACCCATATTATTTGCGTGTACGAAGGAAGAATCCTGTGACAAGCACTTACTCCAAAATGAGTCTACAGTTATACCAAGTGGATAGTAGAACTTATCTACTGGATTTCCGTAGTATTGATGATGAAATTACAGAAGCCAAATCAGGGACTGCTACTCCACAGAGATCGGGATCAGTTAGCAACTATCGATCTTGCCAAAGGAGTGATTCAGATGCTGAGGCTCAAGGAAAATCCTCAGAAGTTTCTCTTACCTCATCTGTGACCTCACTTGACTCTTCTCCTGTTGACCTAACTCCAAGACCTGGAAGTCACACAATAGAATTTTTTGAGATGTGTGCAAATCTAATTAAAATTCTTGCACAATAA	MASFGWKRKIGEKVSKVTSQQFEAEAADEKDVVDNDEGNWLHAIKRRKEILLEGCAEKSKQLKDEGASLAENKSWMKKKVGVCSNRSFLVWIIVTGIWWSIEI*NLKMSCLMHT*MQR*LILVFQT*CQMVNF*EQVVAHPTMLHQK*FQEDCMQAQR*IYGAVGLFSMLYYVEPFHLMMTMCQLFLRRYVMGSSIPLNI*ILL*LAF*NICCRWIP*RGPQSKISGNMNGLNRTFQNISFLRIHHIVQP*LMMKP*KKYVKSLSAQKRKFSAVFTTEITRILWQLPTIS**ITGE**MKPKISIWRQAHLILFLMIIT*LGPILKEYHSWLLKHQGHAIPLMN*IHRNPNTKV*GKQNGI*ELEVKVDQMILWQKYVEQSNNWIMNGRL*THIICVYEGRIL*QALTPK*VYSYTKWIVELIYWISVVLMMKLQKPNQGLLLHRDRDQLATIDLAKGVIQMLRLKENPQKFLLPHL*PHLTLLLLT*LQDLEVTQ*NFLRCVQI*LKFLHN	TPR_2|64-92|6.6e-08^TPR_9|64-101|0.0065^TPR_1|64-92|1.9e-05^TPR_16|65-103|0.00032^TPR_14|67-101|0.0001^TPR_17|68-80|0.72^TPR_11|69-96|2.9e-08^TPR_19|69-106|0.0023^ChAPs|77-204|4.5e-07^TPR_17|84-104|0.011^TPR_2|96-125|0.56^TPR_14|102-135|0.0046^TPR_9|112-161|1.2e-06^TPR_1|112-125|0.76^TPR_16|112-158|0.0074^TPR_19|113-163|5.2e-05^TPR_17|117-146|0.00067^TPR_14|127-165|0.0012^TPR_2|128-158|7.6e-05^TPR_1|128-159|0.0037^TPR_11|140-164|0.0065	AdenylateSensor|406-480|1.5e-16
MTURN--ZNRF2	10	19	10.00	13.50	ONLY_REF_SPLICE	MTURN^ENSG00000180354.16	chr7:30135298:+	ZNRF2^ENSG00000180233.11	chr7:30323642:+	YES_LDAS	0.3402	GT	1.9656	AG	1.9656	["TCGA_StarF2019","CCLE_StarF2019","INTRACHROMOSOMAL[chr7:0.12Mb]"]	ENST00000324453.13	1-162	ENST00000323037.5	470-729	FRAMESHIFT	chr7|+|[0]30135137-30135298[2]<==>chr7|+|[1]30323642-30323737[0]|[1]30355728-30355833[1]|[2]30362377-30362434[2]	atggatttccagcagctggccgacgttgcggagaaatggtgctccaacacgcccttcgagctcatcgccaccgaggagaccgaacgcaggatggatttctacgccgaccccggcgtctccttctatgtgctgtgtccggacaacggctgcggcgacaattttGATTTAAGTGCCCTGTATGCTCAAAATTTGTATCCTCAGATGAAATGGATTTGCATCTTGTAATGTGTTTAACAAAGCCACGAATAACCTATAATGAGGATGTACTGAGTAAAGATGCTGGGGAATGTGCAATATGCCTTGAAGAATTGCAGCAGGGAGATACTATAGCACGACTGCCTTGTCTATGCATATATCATAAAGGCTGCATAGATGAATGGTTTGAAGTAAATAGATCTTGCCCTGAGCACCCTTCAGATTAA	MDFQQLADVAEKWCSNTPFELIATEETERRMDFYADPGVSFYVLCPDNGCGDNFDLSALYAQNLYPQMKWICIL*CV*QSHE*PIMRMY*VKMLGNVQYALKNCSREIL*HDCLVYAYIIKAA*MNGLK*IDLALSTLQI	DUF4581|4-131|2.8e-83	.
AC004053.1--CXXC4	9	5	9.00	2.81	INCL_NON_REF_SPLICE	AC004053.1^ENSG00000248242.1	chr4:104653827:-	CXXC4^ENSG00000168772.11	chr4:104492059:-	YES_LDAS	0.171	GT	1.7465	AG	1.8256	["INTRACHROMOSOMAL[chr4:0.16Mb]"]	.	.	.	.	.	.	.	.	.	.
MAP3K7CL--BACH1	8	2	8.00	2.00	ONLY_REF_SPLICE	MAP3K7CL^ENSG00000156265.16	chr21:29160056:+	BACH1^ENSG00000156273.16	chr21:29287984:+	YES_LDAS	0.1448	GT	1.8323	AG	1.9329	["INTRACHROMOSOMAL[chr21:0.02Mb]","NEIGHBORS[18258]"]	.	.	.	.	.	.	.	.	.	.
LYPLAL1--LYPLAL1-DT	7	2	7.00	2.00	ONLY_REF_SPLICE	LYPLAL1^ENSG00000143353.12	chr1:219179246:+	LYPLAL1-DT^ENSG00000228063.2	chr1:219086660:-	YES_LDAS	0.1303	GT	1.7968	AG	1.8295	["INTRACHROMOSOMAL[chr1:0.00Mb]","NEIGHBORS_OVERLAP:+:-:[92]"]	.	.	.	.	.	.	.	.	.	.
GTF2IP23--AC027644.1	7	2	7.00	2.00	INCL_NON_REF_SPLICE	GTF2IP23^ENSG00000230295.1	chr7:66880877:+	AC027644.1^ENSG00000232546.1	chr7:66848489:+	YES_LDAS	0.1303	GT	1.5546	AG	1.7819	["INTRACHROMOSOMAL[chr7:0.02Mb]","LOCAL_REARRANGEMENT:+:[22572]"]	.	.	.	.	.	.	.	.	.	.
TMEM91--B2M	7	5	7.00	5.00	ONLY_REF_SPLICE	TMEM91^ENSG00000142046.15	chr19:41351202:+	B2M^ENSG00000166710.21	chr15:44715423:+	YES_LDAS	0.1737	GT	1.7819	AG	1.9329	["INTERCHROMOSOMAL[chr19--chr15]"]	.	.	.	.	.	.	.	.	.	.
LINC00211--CDC42EP3	7	7	7.00	7.00	ONLY_REF_SPLICE	LINC00211^ENSG00000237803.6	chr2:37865114:-	CDC42EP3^ENSG00000163171.8	chr2:37719944:-	YES_LDAS	0.2026	GT	1.7232	AG	1.7968	["INTRACHROMOSOMAL[chr2:0.08Mb]","NEIGHBORS[82030]"]	.	.	.	.	.	.	.	.	.	.
HELQ--ABRAXAS1	7	7	7.00	4.28	ONLY_REF_SPLICE	HELQ^ENSG00000163312.11	chr4:83448783:-	ABRAXAS1^ENSG00000163322.14	chr4:83469151:-	YES_LDAS	0.1633	GT	1.8295	AG	1.9219	["CCLE_StarF2019","INTRACHROMOSOMAL[chr4:0.00Mb]","LOCAL_REARRANGEMENT:-:[3662]"]	ENST00000510985.1	1-1191	ENST00000321945.12	477-1230	FRAMESHIFT	chr4|-|[2]83448783-83448961[1]|[0]83453231-83453945[0]|[2]83455397-83455693[0]<==>chr4|-|[2]83462469-83462902[1]|[0]83463494-83463608[0]|[2]83467454-83467538[2]|[1]83469032-83469151[2]	atggatgaatgtggttcccgcatccgccggcgggtgtctctccccaaaaggaaccgtccaagcttggggtgtatttttggcgctcccaccgcggccgagctcgtgcccggagatgaggggaaagaggaggaggaaatggtggctgagaacaggaggcggaaaaccgcgggcgtactgccggttgaggtacagccccttctactctcagattccccggaatgtctcgtccttggaggtggtgatacaaacccggacctcctacgtcacatgcccactgacagaggggtgggagaccagcctaatgacagtgaagtggacatgtttggtgactatgatagctttactgaaaactcctttatagctcaagttgacgacctggaacaaaaatatatgcaactccctgaacataagaaacatgctacagactttgccactgaaaatctttgctcggaaagtatcaaaaacaaactcagcattactaccataggcaaccttactgaattacaaactgataagcacacagagaaccagagtggatatgaaggtgtcactattgaacctggagctgatcttttgtatgatgtaccttcctcacaggctatatactttgaaaatttgcagaactcttcaaatgatttgggtgatcattctatgaaagaaagggattggaagtcatcctctcacaacactgtgaatgaggaactgccccataattgcatagagcaaccccagcaaaatgatgagtcctcttccaaagtcagaactagttcagatatgaacaggagaaaaagtattaaagatcatctaaaaaatgccatgactggaaatgcgaaggcccagacaccaatattttctagaagtaaacagctcaaagacactctcctatctgaggaaattaatgttgctaagaaaacagttgagtcatcatcaaatgaccttggtcctttttattcattacccagcaaagtgagagacctttatgcccaattcaagggaattgaaaaattatatgaatggcaacatacttgtttaacattgaattctgtgcaagaaagaaaaaatttaatatattccttgccaacaagtggtggaaaaaccctcgtggctgagattttaatgctgcaagaactgctttgctgtcggaaagatgttttaatgattcttccatatgtggcaattgtccaagaaaagACTTTTTCACAGGGTACCTTTAGTGGTTGCCAATCTGGGCATGTCTGAACAACTGGGTTATAAAACTGTATCAGGTTCCTGTATGTCCACTGGTTTTAGCCGAGCAGTACAAACACACAGCTCTAAATTTTTTGAAGAAGATGGATCCTTAAAGGAGGTACATAAGATAAATGAAATGTATGCTTCATTACAAGAGGAATTAAAGAGTATATGCAAAAAAGTGGAAGACAGTGAACAAGCAGTAGATAAACTAGTAAAGGATGTAAACAGATTAAAACGAGAAATTGAGAAAAGGAGAGGAGCACAGATTCAGGCAGCAAGAGAGAAGAACATCCAAAAAGACCCTCAGGAGAACATTTTTCTTTGTCAGGCATTACGGACCTTTTTTCCAAATTCTGAATTTCTTCATTCATGTGTTATGTCTTTAAAAAATAGACATGTTTCTAAAAGTAGCTGTAACTACAACCACCATCTCGATGTAGTAGACAATCTGACCTTAATGGTAGAACACACTGACATTCCTGAAGCTAGTCCAGCTAGTACACCACAAATCATTAAGCATAAAGCCTTAGACTTAGATGACAGATGGCAATTCAAGAGATCTCGGTTGTTAGATACACAAGACAAACGATCTAAAGCAGATACTGGTAGTAGTAACCAAGATAAAGCATCCAAAATGAGCAGCCCAGAAACAGATGAAGAAATTGAAAAGATGAAGGGTTTTGGTGAATATTCACGGTCTCCTACATTTTGA	MDECGSRIRRRVSLPKRNRPSLGCIFGAPTAAELVPGDEGKEEEEMVAENRRRKTAGVLPVEVQPLLLSDSPECLVLGGGDTNPDLLRHMPTDRGVGDQPNDSEVDMFGDYDSFTENSFIAQVDDLEQKYMQLPEHKKHATDFATENLCSESIKNKLSITTIGNLTELQTDKHTENQSGYEGVTIEPGADLLYDVPSSQAIYFENLQNSSNDLGDHSMKERDWKSSSHNTVNEELPHNCIEQPQQNDESSSKVRTSSDMNRRKSIKDHLKNAMTGNAKAQTPIFSRSKQLKDTLLSEEINVAKKTVESSSNDLGPFYSLPSKVRDLYAQFKGIEKLYEWQHTCLTLNSVQERKNLIYSLPTSGGKTLVAEILMLQELLCCRKDVLMILPYVAIVQEKTFSQGTFSGCQSGHV*TTGL*NCIRFLYVHWF*PSSTNTQL*IF*RRWILKGGT*DK*NVCFITRGIKEYMQKSGRQ*TSSR*TSKGCKQIKTRN*EKERSTDSGSKREEHPKRPSGEHFSLSGITDLFSKF*ISSFMCYVFKK*TCF*K*L*LQPPSRCSRQSDLNGRTH*HS*S*SS*YTTNH*A*SLRLR*QMAIQEISVVRYTRQTI*SRYW***PR*SIQNEQPRNR*RN*KDEGFW*IFTVSYIL	DEAD|346-398|3.5e-06^DEAD|399-438|0.011^Helicase_C|497-645|2.5e-12^DEAD|509-536|0.23^ScsC_N|649-663|0.19^DEAD|924-983|1.3^DUF4332|945-992|5.3e-06^HHH_5|946-999|4.4e-06^DNA_pol_lambd_f|946-974|2.7e-05^ScsC_N|974-993|0.00031	.
TTC33--PRKAA1	7	8	7.00	2.06	ONLY_REF_SPLICE	TTC33^ENSG00000113638.14	chr5:40746798:-	PRKAA1^ENSG00000132356.11	chr5:40775503:-	YES_LDAS	0.1311	GT	1.6402	AG	1.9899	["DEEPEST2019","INTRACHROMOSOMAL[chr5:0.00Mb]","LOCAL_REARRANGEMENT:-:[3416]"]	ENST00000337702.5	1-221	ENST00000354209.7	270-1725	INFRAME	chr5|-|[1]40746798-40747018[0]<==>chr5|-|[2]40762778-40763022[1]|[0]40764514-40764640[0]|[2]40764752-40765238[2]|[1]40767466-40767690[2]|[1]40769416-40769503[1]|[0]40771719-40771863[0]|[2]40774928-40774972[0]|[2]40775410-40775503[2]	atggcttcctttgggtggaagaggaaaattggtgagaaggtctcaaaggtcacttcccagcagtttgaagctgaagctgctgatgagaaggatgtagttgacaacgatgaagggaactggcttcatgccattaaacgtaggaaagaaattcttcttgaaggctgtgctgagaaaagtaaacagctgaaggatgaaggagccagtttggctgaaaataaaagGTACCAGGTCATCAGTACACCATCTGATATTTTCATGGTGATGGAATATGTCTCAGGAGGAGAGCTATTTGATTATATCTGTAAGAATGGAAGGAAATCTGATGTACCTGGAGTAGTAAAAACAGGCTCCACGAAGGAGCTGGATGAAAAAGAAAGTCGGCGTCTGTTCCAACAGATCCTTTCTGGTGTGGATTATTGTCACAGGCATATGGTGGTCCATAGAGATTTGAAACCTGAAAATGTCCTGCTTGATGCACACATGAATGCAAAGATAGCTGATTTTGGTCTTTCAAACATGATGTCAGATGGTGAATTTTTAAGAACAAGTTGTGGCTCACCCAACTATGCTGCACCAGAAGTAATTTCAGGAAGATTGTATGCAGGCCCAGAGGTAGATATATGGAGCAGTGGGGTTATTCTCTATGCTTTATTATGTGGAACCCTTCCATTTGATGATGACCATGTGCCAACTCTTTTTAAGAAGATATGTGATGGGATCTTCTATACCCCTCAATATTTAAATCCTTCTGTGATTAGCCTTTTGAAACATATGCTGCAGGTGGATCCCATGAAGAGGGCCACAATCAAAGATATCAGGGAACATGAATGGTTTAAACAGGACCTTCCAAAATATCTCTTTCCTGAGGATCCATCATATAGTTCAACCATGATTGATGATGAAGCCTTAAAAGAAGTATGTGAAAAGTTTGAGTGCTCAGAAGAGGAAGTTCTCAGCTGTCTTTACAACAGAAATCACCAGGATCCTTTGGCAGTTGCCTACCATCTCATAATAGATAACAGGAGAATAATGAATGAAGCCAAAGATTTCTATTTGGCGACAAGCCCACCTGATTCTTTTCTTGATGATCATCACCTGACTCGGCCCCATCCTGAAAGAGTACCATTCTTGGTTGCTGAAACACCAAGGGCACGCCATACCCTTGATGAATTAAATCCACAGAAATCCAAACACCAAGGTGTAAGGAAAGCAAAATGGCATTTAGGAATTAGAAGTCAAAGTCGACCAAATGATATTATGGCAGAAGTATGTAGAGCAATCAAACAATTGGATTATGAATGGAAGGTTGTAAACCCATATTATTTGCGTGTACGAAGGAAGAATCCTGTGACAAGCACTTACTCCAAAATGAGTCTACAGTTATACCAAGTGGATAGTAGAACTTATCTACTGGATTTCCGTAGTATTGATGATGAAATTACAGAAGCCAAATCAGGGACTGCTACTCCACAGAGATCGGGATCAGTTAGCAACTATCGATCTTGCCAAAGGAGTGATTCAGATGCTGAGGCTCAAGGAAAATCCTCAGAAGTTTCTCTTACCTCATCTGTGACCTCACTTGACTCTTCTCCTGTTGACCTAACTCCAAGACCTGGAAGTCACACAATAGAATTTTTTGAGATGTGTGCAAATCTAATTAAAATTCTTGCACAATAA	MASFGWKRKIGEKVSKVTSQQFEAEAADEKDVVDNDEGNWLHAIKRRKEILLEGCAEKSKQLKDEGASLAENKRYQVISTPSDIFMVMEYVSGGELFDYICKNGRKSDVPGVVKTGSTKELDEKESRRLFQQILSGVDYCHRHMVVHRDLKPENVLLDAHMNAKIADFGLSNMMSDGEFLRTSCGSPNYAAPEVISGRLYAGPEVDIWSSGVILYALLCGTLPFDDDHVPTLFKKICDGIFYTPQYLNPSVISLLKHMLQVDPMKRATIKDIREHEWFKQDLPKYLFPEDPSYSSTMIDDEALKEVCEKFECSEEEVLSCLYNRNHQDPLAVAYHLIIDNRRIMNEAKDFYLATSPPDSFLDDHHLTRPHPERVPFLVAETPRARHTLDELNPQKSKHQGVRKAKWHLGIRSQSRPNDIMAEVCRAIKQLDYEWKVVNPYYLRVRRKNPVTSTYSKMSLQLYQVDSRTYLLDFRSIDDEITEAKSGTATPQRSGSVSNYRSCQRSDSDAEAQGKSSEVSLTSSVTSLDSSPVDLTPRPGSHTIEFFEMCANLIKILAQ*	TPR_2|64-92|6.6e-08^TPR_9|64-101|0.0065^TPR_1|64-92|1.9e-05^TPR_16|65-103|0.00032^TPR_14|67-101|0.0001^TPR_17|68-80|0.72^TPR_11|69-96|2.9e-08^TPR_19|69-106|0.0023^ChAPs|77-204|4.5e-07^TPR_17|84-104|0.011^TPR_2|96-125|0.56^TPR_14|102-135|0.0046^TPR_9|112-161|1.2e-06^TPR_1|112-125|0.76^TPR_16|112-158|0.0074^TPR_19|113-163|5.2e-05^TPR_17|117-146|0.00067^TPR_14|127-165|0.0012^TPR_2|128-158|7.6e-05^TPR_1|128-159|0.0037^TPR_11|140-164|0.0065	Pkinase-PARTIAL|~270-294|4.4e-75^PK_Tyr_Ser-Thr-PARTIAL|~270-290|3.3e-45^Kinase-like-PARTIAL|~270-280|2.6e-08^AdenylateSensor|421-495|1.6e-16
AC068759.1--NLGN1	7	9	7.00	3.94	ONLY_REF_SPLICE	AC068759.1^ENSG00000237473.2	chr3:173259813:+	NLGN1^ENSG00000169760.17	chr3:173604279:+	YES_LDAS	0.1583	GT	1.9329	AG	1.9656	["INTRACHROMOSOMAL[chr3:0.06Mb]","NEIGHBORS[59319]"]	.	.	.	.	.	.	.	.	.	.
AC004076.1--ZNF772	6	5	6.00	5.00	INCL_NON_REF_SPLICE	AC004076.1^ENSG00000268163.1	chr19:57455653:-	ZNF772^ENSG00000197128.12	chr19:57467085:-	YES_LDAS	0.1593	GT	1.9656	AG	1.8062	["INTRACHROMOSOMAL[chr19:0.01Mb]","LOCAL_REARRANGEMENT:-:[10424]"]	.	.	.	.	.	.	.	.	.	.
LINC02715--AP003049.2	6	10	6.00	8.04	ONLY_REF_SPLICE	LINC02715^ENSG00000254659.3	chr11:109744952:-	AP003049.2^ENSG00000255028.5	chr11:109583643:-	YES_LDAS	0.2033	GT	1.7968	AG	1.6895	["INTRACHROMOSOMAL[chr11:0.16Mb]"]	.	.	.	.	.	.	.	.	.	.
AL157834.2--PDLIM1	5	8	5.00	8.00	INCL_NON_REF_SPLICE	AL157834.2^ENSG00000234026.1	chr10:95225548:-	PDLIM1^ENSG00000107438.9	chr10:95247366:-	YES_LDAS	0.1882	GT	1.5058	AG	1.9329	["INTRACHROMOSOMAL[chr10:0.01Mb]","LOCAL_REARRANGEMENT:-:[6428]"]	.	.	.	.	.	.	.	.	.	.
LINC02246--NRIP1	5	10	5.00	4.46	ONLY_REF_SPLICE	LINC02246^ENSG00000281903.2	chr21:14857542:-	NRIP1^ENSG00000180530.11	chr21:15043574:-	YES_LDAS	0.137	GT	1.8256	AG	1.5219	["INTRACHROMOSOMAL[chr21:0.04Mb]","LOCAL_REARRANGEMENT:-:[42683]"]	.	.	.	.	.	.	.	.	.	.
AC092807.3--DDAH1	5	10	5.00	9.73	ONLY_REF_SPLICE	AC092807.3^ENSG00000282057.1	chr1:85496166:-	DDAH1^ENSG00000153904.21	chr1:85358847:-	YES_LDAS	0.2133	GT	1.5628	AG	1.8062	["GTEx_recurrent_StarF2019","INTRACHROMOSOMAL[chr1:0.02Mb]","NEIGHBORS[17122]"]	.	.	.	.	.	.	.	.	.	.
LINC02694--AC113146.1	4	8	4.00	7.85	ONLY_REF_SPLICE	LINC02694^ENSG00000175779.4	chr15:38823059:+	AC113146.1^ENSG00000259423.3	chr15:39172979:+	YES_LDAS	0.1715	GT	1.7465	AG	1.8892	["INTRACHROMOSOMAL[chr15:0.11Mb]"]	.	.	.	.	.	.	.	.	.	.
TTC33--PRKAA1	4	12	4.00	4.72	ONLY_REF_SPLICE	TTC33^ENSG00000113638.14	chr5:40728345:-	PRKAA1^ENSG00000132356.11	chr5:40771863:-	YES_LDAS	0.1262	GT	1.9086	AG	1.6402	["DEEPEST2019","INTRACHROMOSOMAL[chr5:0.00Mb]","LOCAL_REARRANGEMENT:-:[3416]"]	ENST00000337702.5	1-435	ENST00000397128.6	364-1680	INFRAME	chr5|-|[2]40728345-40728476[0]|[2]40730262-40730343[2]|[1]40746798-40747018[0]<==>chr5|-|[2]40762778-40763022[1]|[0]40764514-40764640[0]|[2]40764752-40765238[2]|[1]40767466-40767690[2]|[1]40769416-40769503[1]|[0]40771719-40771863[0]	atggcttcctttgggtggaagaggaaaattggtgagaaggtctcaaaggtcacttcccagcagtttgaagctgaagctgctgatgagaaggatgtagttgacaacgatgaagggaactggcttcatgccattaaacgtaggaaagaaattcttcttgaaggctgtgctgagaaaagtaaacagctgaaggatgaaggagccagtttggctgaaaataaaagatatcgggaggcaattcagaagtgggatgaagcactacagttaactccaaatgatgctaccctatacgagatgaaatcacaggtgctaatgtctcttcatgaaatgttcccagcagtacatgcagcagaaatggccgtccagcaaaatccacattcatgggagtcttggcagactttgggacgtgctcaacttggtttaggagagataatcctgCTGGATGAAAAAGAAAGTCGGCGTCTGTTCCAACAGATCCTTTCTGGTGTGGATTATTGTCACAGGCATATGGTGGTCCATAGAGATTTGAAACCTGAAAATGTCCTGCTTGATGCACACATGAATGCAAAGATAGCTGATTTTGGTCTTTCAAACATGATGTCAGATGGTGAATTTTTAAGAACAAGTTGTGGCTCACCCAACTATGCTGCACCAGAAGTAATTTCAGGAAGATTGTATGCAGGCCCAGAGGTAGATATATGGAGCAGTGGGGTTATTCTCTATGCTTTATTATGTGGAACCCTTCCATTTGATGATGACCATGTGCCAACTCTTTTTAAGAAGATATGTGATGGGATCTTCTATACCCCTCAATATTTAAATCCTTCTGTGATTAGCCTTTTGAAACATATGCTGCAGGTGGATCCCATGAAGAGGGCCACAATCAAAGATATCAGGGAACATGAATGGTTTAAACAGGACCTTCCAAAATATCTCTTTCCTGAGGATCCATCATATAGTTCAACCATGATTGATGATGAAGCCTTAAAAGAAGTATGTGAAAAGTTTGAGTGCTCAGAAGAGGAAGTTCTCAGCTGTCTTTACAACAGAAATCACCAGGATCCTTTGGCAGTTGCCTACCATCTCATAATAGATAACAGGAGAATAATGAATGAAGCCAAAGATTTCTATTTGGCGACAAGCCCACCTGATTCTTTTCTTGATGATCATCACCTGACTCGGCCCCATCCTGAAAGAGTACCATTCTTGGTTGCTGAAACACCAAGGGCACGCCATACCCTTGATGAATTAAATCCACAGAAATCCAAACACCAAGGTGTAAGGAAAGCAAAATGGCATTTAGGAATTAGAAGTCAAAGTCGACCAAATGATATTATGGCAGAAGTATGTAGAGCAATCAAACAATTGGATTATGAATGGAAGGTTGTAAACCCATATTATTTGCGTGTACGAAGGAAGAATCCTGTGACAAGCACTTACTCCAAAATGAGTCTACAGTTATACCAAGTGGATAGTAGAACTTATCTACTGGATTTCCGTAGTATTGATGATGAAATTACAGAAGCCAAATCAGGGACTGCTACTCCACAGAGATCGGGATCAGTTAGCAACTATCGATCTTGCCAAAGGAGTGATTCAGATGCTGAGGCTCAAGGAAAATCCTCAGAAGTTTCTCTTACCTCATCTGTGACCTCACTTGACTCTTCTCCTGTTGACCTAACTCCAAGACCTGGAAGTCACACAATAGAATTTTTTGAGATGTGTGCAAATCTAATTAAAATTCTTGCACAATAA	MASFGWKRKIGEKVSKVTSQQFEAEAADEKDVVDNDEGNWLHAIKRRKEILLEGCAEKSKQLKDEGASLAENKRYREAIQKWDEALQLTPNDATLYEMKSQVLMSLHEMFPAVHAAEMAVQQNPHSWESWQTLGRAQLGLGEIILLDEKESRRLFQQILSGVDYCHRHMVVHRDLKPENVLLDAHMNAKIADFGLSNMMSDGEFLRTSCGSPNYAAPEVISGRLYAGPEVDIWSSGVILYALLCGTLPFDDDHVPTLFKKICDGIFYTPQYLNPSVISLLKHMLQVDPMKRATIKDIREHEWFKQDLPKYLFPEDPSYSSTMIDDEALKEVCEKFECSEEEVLSCLYNRNHQDPLAVAYHLIIDNRRIMNEAKDFYLATSPPDSFLDDHHLTRPHPERVPFLVAETPRARHTLDELNPQKSKHQGVRKAKWHLGIRSQSRPNDIMAEVCRAIKQLDYEWKVVNPYYLRVRRKNPVTSTYSKMSLQLYQVDSRTYLLDFRSIDDEITEAKSGTATPQRSGSVSNYRSCQRSDSDAEAQGKSSEVSLTSSVTSLDSSPVDLTPRPGSHTIEFFEMCANLIKILAQ*	TPR_2|64-92|6.6e-08^TPR_9|64-101|0.0065^TPR_1|64-92|1.9e-05^TPR_16|65-103|0.00032^TPR_14|67-101|0.0001^TPR_17|68-80|0.72^TPR_11|69-96|2.9e-08^TPR_19|69-106|0.0023^ChAPs|77-204|4.5e-07^TPR_17|84-104|0.011^TPR_2|96-125|0.56^TPR_14|102-135|0.0046^TPR_9|112-161|1.2e-06^TPR_1|112-125|0.76^TPR_16|112-158|0.0074^TPR_19|113-163|5.2e-05^TPR_17|117-146|0.00067^TPR_14|127-165|0.0012^TPR_2|128-158|7.6e-05^TPR_1|128-159|0.0037^TPR_11|140-164|0.0065	AdenylateSensor|406-480|1.5e-16
LINC02246--NRIP1	4	12	4.00	7.35	ONLY_REF_SPLICE	LINC02246^ENSG00000281903.2	chr21:14853274:-	NRIP1^ENSG00000180530.11	chr21:15043574:-	YES_LDAS	0.1643	GT	1.9656	AG	1.5219	["INTRACHROMOSOMAL[chr21:0.04Mb]","LOCAL_REARRANGEMENT:-:[42683]"]	.	.	.	.	.	.	.	.	.	.
LYPLAL1-DT--LYPLAL1	3	5	3.00	5.00	ONLY_REF_SPLICE	LYPLAL1-DT^ENSG00000228063.2	chr1:219086495:-	LYPLAL1^ENSG00000143353.12	chr1:219193082:+	YES_LDAS	0.1158	GT	1.8295	AG	1.5656	["INTRACHROMOSOMAL[chr1:0.00Mb]","NEIGHBORS_OVERLAP:-:+:[92]"]	.	.	.	.	.	.	.	.	.	.
AC009093.8--AC009093.9	3	8	3.00	6.38	ONLY_REF_SPLICE	AC009093.8^ENSG00000284649.1	chr16:29116326:+	AC009093.9^ENSG00000284671.1	chr16:29084443:+	YES_LDAS	0.1358	GT	1.8892	AG	1.9656	["INTRACHROMOSOMAL[chr16:0.01Mb]","LOCAL_REARRANGEMENT:+:[8888]"]	.	.	.	.	.	.	.	.	.	.
AC004053.1--CXXC4	3	9	3.00	6.19	INCL_NON_REF_SPLICE	AC004053.1^ENSG00000248242.1	chr4:104653827:-	CXXC4^ENSG00000168772.11	chr4:104550036:-	YES_LDAS	0.133	GT	1.7465	AG	1.8323	["INTRACHROMOSOMAL[chr4:0.16Mb]"]	.	.	.	.	.	.	.	.	.	.
AC068759.1--NLGN1	3	12	3.00	5.04	ONLY_REF_SPLICE	AC068759.1^ENSG00000237473.2	chr3:173260549:+	NLGN1^ENSG00000169760.17	chr3:173435010:+	YES_LDAS	0.1164	GT	1.5546	AG	1.9899	["INTRACHROMOSOMAL[chr3:0.06Mb]","NEIGHBORS[59319]"]	.	.	.	.	.	.	.	.	.	.
LINC02284--TMEM260	3	29	3.00	9.92	INCL_NON_REF_SPLICE	LINC02284^ENSG00000259719.6	chr14:56345070:+	TMEM260^ENSG00000070269.14	chr14:56488202:+	YES_LDAS	0.187	GT	1.8062	AG	1.8323	["INTRACHROMOSOMAL[chr14:0.06Mb]","NEIGHBORS[61322]"]	.	.	.	.	.	.	.	.	.	.
MTURN--ZNRF2	2	21	2.00	7.40	ONLY_REF_SPLICE	MTURN^ENSG00000180354.16	chr7:30146299:+	ZNRF2^ENSG00000180233.11	chr7:30323642:+	YES_LDAS	0.1361	GT	1.9329	AG	1.9656	["TCGA_StarF2019","CCLE_StarF2019","INTRACHROMOSOMAL[chr7:0.12Mb]"]	ENST00000324453.13	1-285	ENST00000323037.5	470-729	FRAMESHIFT	chr7|+|[0]30135137-30135298[2]|[0]30146177-30146299[2]<==>chr7|+|[1]30323642-30323737[0]|[1]30355728-30355833[1]|[2]30362377-30362434[2]	atggatttccagcagctggccgacgttgcggagaaatggtgctccaacacgcccttcgagctcatcgccaccgaggagaccgaacgcaggatggatttctacgccgaccccggcgtctccttctatgtgctgtgtccggacaacggctgcggcgacaattttcacgtgtggagtgagagcgaggactgcctgcctttcttgcagctagcacaggattacatctcctcctgcggcaagaagacgctccacgaagtcctggaaaaagtcttcaagtctttcagacctGATTTAAGTGCCCTGTATGCTCAAAATTTGTATCCTCAGATGAAATGGATTTGCATCTTGTAATGTGTTTAACAAAGCCACGAATAACCTATAATGAGGATGTACTGAGTAAAGATGCTGGGGAATGTGCAATATGCCTTGAAGAATTGCAGCAGGGAGATACTATAGCACGACTGCCTTGTCTATGCATATATCATAAAGGCTGCATAGATGAATGGTTTGAAGTAAATAGATCTTGCCCTGAGCACCCTTCAGATTAA	MDFQQLADVAEKWCSNTPFELIATEETERRMDFYADPGVSFYVLCPDNGCGDNFHVWSESEDCLPFLQLAQDYISSCGKKTLHEVLEKVFKSFRPDLSALYAQNLYPQMKWICIL*CV*QSHE*PIMRMY*VKMLGNVQYALKNCSREIL*HDCLVYAYIIKAA*MNGLK*IDLALSTLQI	DUF4581|4-131|2.8e-83	.
CYTOR--AC083899.1	1	8	1.00	7.00	ONLY_REF_SPLICE	CYTOR^ENSG00000222041.11	chr2:87606769:+	AC083899.1^ENSG00000204745.4	chr2:87125198:+	NO_LDAS	0.1158	GT	1.8295	AG	1.8062	["CCLE_StarF2019","INTRACHROMOSOMAL[chr2:0.26Mb]"]	.	.	.	.	.	.	.	.	.	.
METTL22--ABAT	1	14	1.00	14.00	ONLY_REF_SPLICE	METTL22^ENSG00000067365.15	chr16:8644725:+	ABAT^ENSG00000183044.12	chr16:8746001:+	YES_LDAS	0.2172	GT	1.8295	AG	1.8892	["INTRACHROMOSOMAL[chr16:0.02Mb]","NEIGHBORS[24942]"]	ENST00000381920.8	1-1179	ENST00000569156.5	71-1548	FRAMESHIFT	chr16|+|[0]8625666-8625798[0]|[1]8628730-8629110[0]|[1]8635039-8635079[2]|[0]8635168-8635312[0]|[1]8639091-8639162[0]|[1]8641131-8641184[0]|[1]8642127-8642207[0]|[1]8642463-8642565[1]|[2]8644557-8644725[2]<==>chr16|+|[1]8746001-8746098[2]|[0]8748108-8748137[2]|[0]8750422-8750539[0]|[1]8757757-8757806[2]|[0]8764069-8764149[2]|[0]8764738-8764830[2]|[0]8766208-8766270[2]|[0]8768193-8768256[0]|[1]8768825-8768973[2]|[0]8772780-8772917[2]|[0]8774890-8775057[2]|[0]8776344-8776490[2]|[0]8779479-8779590[0]|[1]8781250-8781416[2]	atggtacagctggctcctgcggcagccatggacgaggtcacctttaggagcgacactgtgctgtcagatgtccacctctataccccgaaccatagacatctcatggtacggctgaacagcgtggggcagccagttttcctgtcccaattcaagcttctatggagccaagactcttggacagattcaggagccaagggtggcagtcacagagatgttcacacaaaggagcctccttctgctgagacaggcagcacagggtcccctccaggaagtggccatggtaatgagggtttctccctccaggccgggactgacaccactggccaggaagtggctgaagctcagctggatgaggatggggatttggacgtggtgagaagaccacgagccgcctctgattccaacccagcagggcctctgagagacaaggtacatcccatgattctagcacaggaagaagacgacgtcctgggagaggaagcacaaggcagcccgcacgatatcatcagaatagagcacaccatggccacgcccctggaggatgttggcaagcaggtgtggcggggcgccctgctcctggcagactacatcctgttccgacaggacctcttccgaggatgtacagcgctggagctcggggccggcacggggctcgctagcatcatcgcagccaccatggcacggaccgtttattgtacagatgtcggtgcagatctcttgtccatgtgccagcgaaacattgccctcaacagccacctggctgccactggaggtggtatagttagggtcaaagaactggactggctgaaggacgacctctgcacagatcccaaggtccccttcagttggtcacaagaggaaatttctgacttgtacgatcacaccaccatcctgtttgcagccgaagtgttttacgacgacgacttgactgatgctgtgtttaaaacgctctcccgactcgcccacagattgaaaaatgcctgcacagccatactgtcggtggagaagaggctcaacttcacattgagacacttggacgtcacatgtgaagcctacgatcacttccgctcctgcctgcacgcgctggagcagctcgcagatggcaagctgcgcttcgtggtggagcccgtggaggcctccttcccacagctcctggtttacgagcgcctccagcaactgGATCCAGACACATTAGTCAAGCTGCAGCCAAAGTCGACGTTGAATTTGATTATGATGGGCCTCTGATGAAGACGGAAGTCCCAGGGCCTAGATCTCAGGAGTTAATGAAACAGCTGAATATAATTCAGAATGCAGAGGCTGTGCATTTTTTCTGCAATTACGAAGAGAGCCGAGGCAATTACCTGGTTGATGTGGACGGCAACCGAATGCTGGATCTTTATTCCCAGATCTCCTCTGTCCCCATAGGTTACAGCCACCCCGCCCTGCTGAAACTCATCCAACAGCCTCAAAATGCGAGCATGTTTGTCAACAGACCCGCCCTCGGAATCCTGCCTCCGGAGAACTTTGTGGAGAAGCTCCGGCAGTCCTTGCTCTCGGTGGCTCCCAAAGGGATGTCCCAGCTCATCACCATGGCCTGCGGCTCCTGCTCCAATGAAAACGCCTTAAAGACCATCTTCATGTGGTACCGGAGCAAGGAAAGAGGGCAGAGGGGCTTCTCCCAGGAGGAGCTGGAGACGTGCATGATTAACCAGGCCCCTGGCTGCCCCGACTACAGCATCCTCTCCTTCATGGGCGCGTTCCATGGGAGGACCATGGGTTGCTTAGCGACCACGCACTCTAAAGCCATTCACAAGATCGACATCCCTTCCTTTGACTGGCCCATCGCACCGTTCCCACGGCTGAAATACCCTCTGGAAGAGTTTGTGAAAGAGAACCAACAGGAGGAGGCCCGCTGTCTGGAAGAGGTGGAGGATCTGATTGTGAAATATCGGAAAAAGAAGAAGACGGTGGCCGGGATCATCGTGGAGCCCATCCAGTCCGAGGGTGGAGACAACCACGCATCCGATGACTTCTTTCGGAAGCTGAGAGACATCGCCAGGAAGCATGGCTGCGCCTTCTTGGTGGACGAGGTCCAGACCGGAGGAGGCTGCACGGGCAAGTTCTGGGCCCATGAGCACTGGGGCCTGGATGACCCAGCAGACGTGATGACCTTCAGCAAGAAGATGATGACTGGGGGCTTCTTCCACAAGGAGGAGTTCAGGCCTAATGCTCCCTACCGGATCTTCAACACCTGGCTGGGGGACCCGTCCAAGAACCTGTTGCTGGCTGAGGTCATCAACATCATCAAGCGGGAGGACCTGCTAAATAATGCAGCCCATGCCGGGAAGGCCCTGCTCACAGGACTGCTGGACCTCCAGGCCCGGTACCCCCAGTTCATCAGCAGGGTGAGAGGACGAGGCACCTTTTGCTCCTTCGATACTCCCGATGATTCCATACGGAATAAGCTCATTTTAATTGCCAGAAACAAAGCTCTCCCAGCATGTGACTTTGAGAAACCACGCTCCTCACCTACCTCCTGCCTCTTTCAGGTGTGGTGTTGGGTGGCTGTGGTGACAAATCCATTCGTTTCCGTCCCACGCTGGTCTTCAGGGATCACCACGCTCACCTGTTCCTCAATATTTTCAGTGACATCTTAG	MVQLAPAAAMDEVTFRSDTVLSDVHLYTPNHRHLMVRLNSVGQPVFLSQFKLLWSQDSWTDSGAKGGSHRDVHTKEPPSAETGSTGSPPGSGHGNEGFSLQAGTDTTGQEVAEAQLDEDGDLDVVRRPRAASDSNPAGPLRDKVHPMILAQEEDDVLGEEAQGSPHDIIRIEHTMATPLEDVGKQVWRGALLLADYILFRQDLFRGCTALELGAGTGLASIIAATMARTVYCTDVGADLLSMCQRNIALNSHLAATGGGIVRVKELDWLKDDLCTDPKVPFSWSQEEISDLYDHTTILFAAEVFYDDDLTDAVFKTLSRLAHRLKNACTAILSVEKRLNFTLRHLDVTCEAYDHFRSCLHALEQLADGKLRFVVEPVEASFPQLLVYERLQQLDPDTLVKLQPKSTLNLIMMGL**RRKSQGLDLRS**NS*I*FRMQRLCIFSAITKRAEAITWLMWTATECWIFIPRSPLSP*VTATPPC*NSSNSLKMRACLSTDPPSESCLRRTLWRSSGSPCSRWLPKGCPSSSPWPAAPAPMKTP*RPSSCGTGARKEGRGASPRRSWRRA*LTRPLAAPTTASSPSWARSMGGPWVA*RPRTLKPFTRSTSLPLTGPSHRSHG*NTLWKSL*KRTNRRRPAVWKRWRI*L*NIGKRRRRWPGSSWSPSSPRVETTTHPMTSFGS*ETSPGSMAAPSWWTRSRPEEAARASSGPMSTGAWMTQQT**PSARR**LGASSTRRSSGLMLPTGSSTPGWGTRPRTCCWLRSSTSSSGRTC*IMQPMPGRPCSQDCWTSRPGTPSSSAG*EDEAPFAPSILPMIPYGISSF*LPETKLSQHVTLRNHAPHLPPASFRCGVGWLW*QIHSFPSHAGLQGSPRSPVPQYFQ*HL	MTS|111-127|0.91^Methyltransf_16|179-337|2.8e-17^MTS|189-252|2.6e-05^PrmA|206-251|6.4e-05^Methyltransf_25|210-249|2e-05	Aminotran_3-PARTIAL|~71-460|1.1e-132^Tex_N|162-184|1.8^Lenti_VIF_2|234-281|2.1e-05^Tex_N|264-290|6.2e-05^Aminotran_1_2|273-359|3.3e-05
